corsa;partenza;localita_partenza;arrivo;localita_arrivo
2;09:10;PESCHIERA;14:00;RIVA
3;15:15;RIVA;20:10;PESCHIERA
5;08:50;RIVA;14:00;DESENZANO
6;15:00;DESENZANO;20:05;RIVA
8;08:20;DESENZANO;09:35;GARDA
9;09:35;GARDA;11:20;DESENZANO
10;11:30;DESENZANO;13:10;GARDA
11;14:15;GARDA;15:25;PESCHIERA
12;15:30;PESCHIERA;16:35;GARDA
13;16:55;GARDA;18:25;DESENZANO
14;08:00;PESCHIERA;09:00;GARDA
15;08:28;LAZISE;10:05;DESENZANO
16;10:15;DESENZANO;13:00;MADERNO
17;14:00;MADERNO;17:05;DESENZANO
18;17:10;DESENZANO;18:20;GARDA
19;18:20;GARDA;19:20;PESCHIERA
22;08:55;DESENZANO;10:37;LAZISE
23;10:00;GARDA;11:05;PESCHIERA
24;11:20;PESCHIERA;14:05;MALCESINE CENTRO
25;15:05;MALCESINE CENTRO;17:55;PESCHIERA
26;18:00;PESCHIERA;19:10;GARDA
27;18:29;LAZISE;20:15;DESENZANO
28;08:00;DESENZANO;09:51;GARDONE
29;09:51;GARDONE;12:45;DESENZANO
30;13:45;DESENZANO;16:30;GARDONE
31;16:30;GARDONE;19:20;DESENZANO
33;08:35;GARDA;09:35;PESCHIERA
34;09:45;PESCHIERA;11:10;GARDA
35;11:10;GARDA;12:10;PESCHIERA
36;13:10;PESCHIERA;15:25;GARDA
37;15:30;GARDA;16:30;PESCHIERA
38;16:35;PESCHIERA;17:35;GARDA
39;17:35;GARDA;19:00;PESCHIERA
40;08:15;DESENZANO;08:45;MANERBA (DUSANO)
41;08:45;MANERBA (DUSANO);09:40;SIRMIONE
42;09:40;SIRMIONE;11:00;GARDA
43;11:00;GARDA;13:20;PESCHIERA
44;14:20;PESCHIERA;15:37;MANERBA (DUSANO)
45;15:37;MANERBA (DUSANO);16:25;DESENZANO
46;16:35;DESENZANO;17:21;MANERBA (DUSANO)
47;17:21;MANERBA (DUSANO);18:10;DESENZANO
48;18:15;DESENZANO;18:58;MANERBA (DUSANO)
49;18:58;MANERBA (DUSANO);19:45;DESENZANO
61;08:00;RIVA;08:55;MALCESINE CENTRO
62;08:55;MALCESINE CENTRO;10:00;RIVA
63;10:05;RIVA;11:15;MALCESINE CENTRO
64;11:15;MALCESINE CENTRO;12:35;RIVA
65;13:35;RIVA;14:30;MALCESINE CENTRO
66;14:30;MALCESINE CENTRO;15:45;RIVA
67;15:50;RIVA;16:35;MALCESINE CENTRO
68;16:35;MALCESINE CENTRO;17:45;RIVA
69;17:50;RIVA;18:45;MALCESINE CENTRO
70;18:45;MALCESINE CENTRO;19:30;RIVA
71;08:40;RIVA;09:45;MALCESINE CENTRO
72;09:45;MALCESINE CENTRO;11:00;RIVA
73;11:10;RIVA;12:25;MALCESINE CENTRO
74;12:25;MALCESINE CENTRO;13:30;RIVA
75;14:30;RIVA;15:45;MALCESINE CENTRO
76;15:45;MALCESINE CENTRO;16:40;RIVA
77;16:50;RIVA;18:05;MALCESINE CENTRO
78;18:05;MALCESINE CENTRO;19:20;RIVA
81;09:20;RIVA;10:42;CAMPIONE (TREMOSINE)
82;10:42;CAMPIONE (TREMOSINE);11:55;RIVA
83;12:00;RIVA;13:05;MALCESINE CENTRO
84;14:10;MALCESINE CENTRO;14:30;LIMONE CENTRO
85;14:35;LIMONE CENTRO;14:55;MALCESINE CENTRO
86;14:55;MALCESINE CENTRO;15:55;RIVA
87;16:05;RIVA;17:20;ASSENZA DI BRENZONE
88;17:20;ASSENZA DI BRENZONE;18:35;RIVA
89;18:40;RIVA;19:45;MALCESINE CENTRO
90;19:45;MALCESINE CENTRO;20:30;RIVA
91;08:20;MADERNO;08:38;PORTESE
92;08:38;PORTESE;11:00;LIMONE CENTRO
93;11:00;LIMONE CENTRO;13:05;SALO'
95;14:05;SALO';14:15;PORTESE
96;14:15;PORTESE;16:30;LIMONE CENTRO
97;16:30;LIMONE CENTRO;18:25;GARDA
98;18:25;GARDA;19:50;MADERNO
110;08:50;PESCHIERA;11:05;LIMONE CENTRO
111;11:10;LIMONE CENTRO;13:05;DESENZANO
112;14:30;DESENZANO;16:45;RIVA
113;16:45;RIVA;19:30;PESCHIERA
114;19:00;DESENZANO;19:30;PESCHIERA
151;08:20;RIVA;11:40;DESENZANO
152;12:40;DESENZANO;13:28;GARDA
153;13:28;GARDA;15:00;PESCHIERA
155;16:10;PESCHIERA;16:35;DESENZANO
156;16:10;PESCHIERA;19:40;RIVA
159;08:30;PESCHIERA;09:15;DESENZANO
160;09:20;DESENZANO;12:15;RIVA
161;13:25;RIVA;15:32;SIRMIONE
162;15:37;SIRMIONE;17:15;LIMONE CENTRO
163;17:20;LIMONE CENTRO;19:35;PESCHIERA
201;08:00;MADERNO;08:30;TORRI
202;08:35;TORRI;09:05;MADERNO
203;09:10;MADERNO;09:40;TORRI
204;09:45;TORRI;10:15;MADERNO
205;10:25;MADERNO;10:55;TORRI
206;11:05;TORRI;11:35;MADERNO
207;11:45;MADERNO;12:15;TORRI
208;12:25;TORRI;13:00;MADERNO
209;14:00;MADERNO;14:30;TORRI
210;14:40;TORRI;15:10;MADERNO
211;15:20;MADERNO;15:50;TORRI
212;16:00;TORRI;16:30;MADERNO
213;16:40;MADERNO;17:10;TORRI
214;17:20;TORRI;17:50;MADERNO
215;18:00;MADERNO;18:30;TORRI
216;18:40;TORRI;19:10;MADERNO
217;19:15;MADERNO;19:45;TORRI
218;19:50;TORRI;20:20;MADERNO
231;08:35;MADERNO;09:05;TORRI
232;09:10;TORRI;09:40;MADERNO
233;09:45;MADERNO;10:15;TORRI
234;10:25;TORRI;10:55;MADERNO
235;11:05;MADERNO;11:35;TORRI
236;11:45;TORRI;12:15;MADERNO
237;12:25;MADERNO;13:00;TORRI
238;14:00;TORRI;14:30;MADERNO
239;14:40;MADERNO;15:10;TORRI
240;15:20;TORRI;15:50;MADERNO
241;16:00;MADERNO;16:30;TORRI
242;16:40;TORRI;17:10;MADERNO
243;17:20;MADERNO;17:50;TORRI
244;18:00;TORRI;18:30;MADERNO
245;18:40;MADERNO;19:10;TORRI
246;19:15;TORRI;19:45;MADERNO
